PDB,RES,CLASS,COMPLEX,RVALUE,RFREE,OCCUPANCY,BFACTOR,HYDROGENS,STRUCFAC,CHAINS,RESIDUES,NUCLEOTIDES,DATE,INSTITUTION,SOFTWARE,SEQUENCE,EXPMETHOD,NEGATIVE,BREAKS,INSERTIONS,NCS,IDENTICALS
3nir,0.48,PLANT PROTEIN,N,0.127,NULL,Y,25.62,Y,N,A,46,0,16-Jun-10,A.SCHMIDT-M.TEETER-E.WECKERT-V.S.LAMZIN,MOPRO,TTCCPSIVARSNFNVCRLPGTPEALCATYTGCIIIPGATCPGDYAN,XR,N,Y,N,Y,N
5d8v,0.48,METAL BINDING PROTEIN,N,0.072,0.078,Y,18.99,Y,N,A,83,0,18-Aug-15,Y.HIRANO-K.TAKEDA-K.MIKI,MOPRO 11.10,AAPANAVTADDPTAIALKYNQDATKSERVAAARPGLPPEEQHCANCQFMQANVGEGDWKGCQLFPGKLINVNGWCASWTLKAG,XR,N,Y,N,Y,N
2wfj,0.75,ISOMERASE/IMMUNOSUPPRESSANT,Y,0.112,0.129,Y,69.32,N,N,B,172,0,06-Apr-09,C.M.STEGMANN-D.SEELIGER-G.M.SHELDRICK-B.L.DE GROOT-M.C.WAHL,SHELXL-97,QRPRCFFDIAINNQPAGRVVFELFSDVCPKTCENFRCLCTGEKGTGKSTQKPLHYKSCLFHRVVKDFMVQGGDFSEGNGRGGESIYGGFFEDESFAVKHNKEFLLSMANRGKDTNGSQFFITTKPTPHLDGHHVVFGQVISGQEVVREIENQKTDAASKPFAEVRILSCGELVA,XR,N,Y,N,N,N
5nw3,0.59,ELECTRON TRANSPORT,N,0.135,0.146,Y,145.83,N,N,A,53,0,04-May-17,M.G.CUYPERS-S.A.MASON-E.MOSSOU-M.HAERTLEIN-V.T.FORSYTH,PHENIX (1.10_2142: ???),AKWVCKICGYIYDEDAGDPDNGISPGTKFEELPDDWVCPICGAPKSEFEKLED,XR,N,N,N,N,N
1ucs,0.62,ANTIFREEZE PROTEIN,N,0.139,0.155,Y,35.54,Y,N,A,64,0,21-Apr-03,T.P.KO-H.ROBINSON-Y.G.GAO-C.H.CHENG-A.L.DEVRIES-A.H.WANG,SHELXL-97,NKASVVANQLIPINTALTLIMMKAEVVTPMGIPAEEIPKLVGMQVNRAVPLGTTLMPDMVKNYE,XR,N,N,N,N,N
3x2m,0.64,HYDROLASE,N,0.122,0.129,Y,74.29,Y,N,A,180,0,22-Dec-14,A.NAKAMURA-T.ISHIDA-K.KUSAKA-T.YAMADA-S.FUSHINOBU-I.TANAKA-S.KANEKO-K.OHTA-H.TANAKA-K.INAKA-Y.HIGUCHI-N.NIIMURA-M.SAMEJIMA-K.IGARASHI,PHENIX (PHENIX.REFINE: 1.9_1692),ATGGYVQQATGQASFTMYSGCGSPACGKAASGFTAAINQLAFGSAPGLGAGDACGRCFALTGNHDPYSPNYTGPFGQTIVVKVTDLCPVQGNQEFCGQTTSNPTNQHGMPFHFDICEDTGGSAKFFPSGHGALTGTFTEVSCSQWSGSDGGQLWNGACLSGETAPNWPSTACGNKGTAPS,XR,N,Y,N,N,N
6e6o,0.7,SIGNALING PROTEIN,N,0.166,0.184,Y,33.31,N,N,A,40,0,25-Jul-18,A.D.FINKE-B.PEDRINI-C.ALIMENTI-A.VALLESI-P.LUPORINI-M.MARSH,REFMAC 5.8.0155,DACEQAAIQCVESACESLCTEGEDRTGCYMYIYSNCPPYV,XR,N,N,N,N,N
4zm7,0.7,HYDROLASE,N,0.127,0.135,Y,48.26,Y,N,A,180,0,02-May-15,A.NAKAMURA-T.ISHIDA-K.KUSAKA-T.YAMADA-S.FUSHINOBU-I.TANAKA-S.KANEKO-K.OHTA-H.TANAKA-K.INAKA-Y.HIGUCHI-N.NIIMURA-M.SAMEJIMA-K.IGARASHI,PHENIX 1.9_1692,ATGGYVQQATGQASFTMYSGCGSPACGKAASGFTAAINQLAFGSAPGLGAGDACGRCFALTGNHDPYSPNYTGPFGQTIVVKVTDLCPVQGNQEFCGQTTSNPTDQHGMPFHFDICEDTGGSAKFFPSGHGALTGTFTEVSCSQWSGSDGGQLWNGACLSGETAPNWPSTACGNKGTAPS,XR,N,N,N,N,N
6s2m,0.72,LIPID BINDING PROTEIN,N,0.104,0.111,Y,48.07,N,N,A,129,0,21-Jun-19,S.LAULUMAA-P.KURSULA,PHENIX (1.14_3260: ???),SNKFLGTWKLVSSENFDDYMKALGVGLATRKLGNLAKPTVIISKKGDIITIRTESTFKNTEISFKLGQEFEETTADNRKTKSIVTLQRGSLNQVQRWDGKETTIKRKLVNGKMVAEKMKGVVTRIYEKV,XR,N,Y,N,N,N
1r6j,0.73,MEMBRANE PROTEIN,N,0.074,0.087,Y,15.28,N,N,A,82,0,15-Oct-03,B.S.KANG-Y.DEVEDJIEV-U.DEREWENDA-Z.S.DEREWENDA,SHELXL-97,GAMDPRTITMHKDSTGHVGFIFKNGKITSIVKDSSAARNGLLTEHNICEINGQNVIGLKDSQIADILSTSGTVVTITIMPAF,XR,N,Y,N,N,N
4rek,0.74,OXIDOREDUCTASE,N,0.113,0.123,Y,39.5,Y,N,A,499,0,23-Sep-14,B.ZARYCHTA-A.LYUBIMOV-M.AHMED-P.MUNSHI-B.GUILLOT-A.VRIELINK-C.JELSCH,PHENIX (PHENIX.REFINE: 1.8.2_1309),GYVPAVVIGTGYGAAVSALRLGEAGVQTLMLEMGQLWNQPGPDGNIFCGMLNPDKRSSWFKNRTEAPLGSFLWLDVVNRNIDPYAGVLDRVNYDQMSVYVGRGVGGGSLVNGGMAVEPKRSYFEEILPRVDSSEMYDRYFPRANSMLRVNHIDTKWFEDTEWYKFARVSREQAGKAGLGTVFVPNVYDFGYMQREAAGEVPKSALATEVIYGNNHGKQSLDKTYLAAALGTGKVTIQTLHQVKTIRQTKDGGYALTVEQKDTDGKLLATKEISCRYLFLGAGSLGSTELLVRARDTGTLPNLNSEVGAGWGPNGNIMTARANHMWNPTGAHQSSIPALGIDAWDNSDSSVFAEIAPMPAGLETWVSLYLAITKNPQRGTFVYDAATDRAKLNWTRDQNAPAVNAAKALFDRINKANGTIYRYDLFGTQLKAFADDFCYHPLGGCVLGKATDDYGRVAGYKNLYVTDGSLIPGSVGVNPFVTITALAERNVERIIKQDVT,XR,N,Y,N,N,N
2b97,0.75,SURFACE ACTIVE PROTEIN,N,0.13,0.148,Y,70.22,Y,N,A,70,0,11-Oct-05,J.HAKANPAA-M.LINDER-A.POPOV-A.SCHMIDT-J.ROUVINEN,SHELXL-97,AVCPTGLFSNPLCCATNVLDLIGVDCKTPTIAVDTGAIFQAHCASKGSKPLCCVAPVADQALLCQKAIGT,XR,N,N,N,N,Y
2ov0,0.75,ELECTRON TRANSPORT,N,0.126,0.142,Y,46.77,N,N,A,105,0,12-Feb-07,C.J.CARRELL-V.L.DAVIDSON-Z.CHEN-L.M.CUNANE-P.TRICKEY-F.S.MATHEWS,SHELX,DKATIPSESPFAAAEVADGAIVVDIAKMKYETPELHVKVGDTVTWINREAMPHNVHFVAGVLGEAALKGPMMKKEQAYSLTFTEAGTYDYHCTPHPFMRGKVVVE,XR,N,N,N,N,N
2wfi,0.75,ISOMERASE,N,0.107,0.124,Y,54.7,N,N,A,171,0,06-Apr-09,C.M.STEGMANN-D.SEELIGER-G.M.SHELDRICK-B.L.DE GROOT-M.C.WAHL,SHELXL-97,QRPRCFFDIAINNQPAGRVVFELFSDVCPKTCENFRCLCTGEKGTGKSTQKPLHYKSLFHRVVKDFMVQGGDFSEGNGRGGESIYGGFFEDESFAVKHNKEFLLSMANRGKDTNGSQFFITTKPTPHLDGHHVVFGQVISGQEVVREIENQKTDAASKPFAEVRILSCGEL,XR,N,Y,N,N,N
3zr8,0.9,PROTEIN BINDING,N,0.12669,0.14865,Y,19.44,N,N,X,65,0,15-Jun-11,L.S.BOUTEMY-S.R.F.KING-J.WIN-R.K.HUGHES-T.A.CLARKE-T.M.A.BLUMENSCHEIN-S.KAMOUN-M.J.BANFIELD,REFMAC 5.5.0109,GPTEKAAVKKMAKAIMADPSKADDVYQKWADKGYTLTQLSDFLKSKTRGKYDRVYNGYMTYRDYV,XR,N,Y,N,N,N
5gji,0.9,SIGNALING PROTEIN,Y,0.127,0.145,Y,25.3,N,N,B,107,0,30-Jun-16,S.INABA-N.NUMOTO-S.OGAWA-H.MORII-T.IKURA-R.ABE-N.ITO-M.ODA,PHENIX 1.9_1692,SNMSLQNAEWYWGDISREEVNEKLRDTADGTFLVRDASTKMHGDYTLTLRKGGNNKLIKIFHRDGKYGFSDPLTFSSVVELINHYRNESLAQYNPKLDVKLLYPVSKSDMNMTP,XR,N,Y,N,N,N
3x34,0.76,ELECTRON TRANSPORT,N,0.107,0.131,Y,40.58,Y,N,A,87,0,14-Jan-15,Y.HIRANO-S.KIMURA-T.TAMADA,SHELXL-97,AVKYYTLEEIQKHNNSKSTWLILHHKVYDLTKFLEEHPGGEEVLREQAGGDATENFEDVGHSTDARELSKTFIIGELHPDDRSKIAK,XR,N,N,N,N,N
5yce,0.77,OXYGEN STORAGE,N,0.145,0.162,Y,28.05,N,N,A,151,0,07-Sep-17,Y.ISOGAI-H.IMAMURA-S.NAKAE-T.SUMI-K.I.TAKAHASHI-T.NAKAGAWA-A.TSUNESHIGE-T.SHIRAI,PHENIX 1.11.1_2575,VLSEGEWQLVLHVWAKVEADVAGHGQDILIRLFKSHPETLEKFDRFKHLKTEAEMKASEDLKKHGVTVLTALGAILKKKGHHEAELKPLAQSHATKHKIPIKYLEFISEAIIHVLHSRHPGDFGADAQGAMNKALELFRKDIAAKYKELGY,XR,N,Y,N,N,N
1x6z,0.78,STRUCTURAL PROTEIN,N,0.143,0.153,Y,69.37,Y,N,A,120,0,12-Aug-04,K.V.DUNLOP-R.T.IRVIN-B.HAZES,REFMAC,GTEFARSEGASALASVNPLKTTVEEALSRGWSVKSGTGTEDATKKEVPLGVAADANKLGTIALKPDPADGTADITLTFTMGGAGPKNKGKIITLTRTAADGLWKCTSDQDEQFIPKGCSR,XR,N,N,N,N,N
5kwm,0.78,HYDROLASE,N,0.129,0.137,Y,25.84,Y,N,A,222,0,18-Jul-16,E.BLANKENSHIP-D.T.LODOWSKI,PHENIX (DEV_2471: ???),IVGGEDANVQDHPFTVALVTPDGQQFCGGTLAAPNKVVTAAHCTVGSQPADINVVSGRTVMSSNEGTVSKVTNVWVHPEYQDAAKGFDVSVLTLEAPVKEAPIELAKADDAGYAPDTAATILGWGNTSEGGQQADHLQKATVPVNSDDTCKQAYGEYTPDAMVCAGVPEGGVDTCQGDSGGPMVVNNKLIGVTSWGEGCARPGKPGVYARVGAYYDVLMEQI,XR,N,Y,N,N,N